{"within_2": 95.17979572624078, "within_3": 97.96568972610106, "within_5": 99.14739934067323, "within_10": 99.79142387304023, "within_15": 99.90840835679491, "within_20": 99.96673427002236}